{"train/epoch":1,"train_runtime":1807.7592,"eval/loss":2.0666987895965576,"train/grad_norm":26.997659147959457,"train_steps_per_second":0.007,"train/learning_rate":2.0253513192751374e-07,"eval/steps_per_second":0.007,"eval/runtime":138.0108,"_runtime":1951,"train/global_step":13,"total_flos":5.70450051072e+11,"train/loss":1.6708,"train_samples_per_second":0.021,"_wandb":{"runtime":1951},"train_loss":2.611953689501836,"eval/samples_per_second":0.014,"_step":14,"_timestamp":1.76602511934376e+09}