{"_wandb":{"runtime":972},"_timestamp":1.7660224051531868e+09,"train/learning_rate":5.8682408883346535e-06,"train/loss":2.2928,"train/epoch":0.6,"train/grad_norm":42.89349892939208,"train/global_step":6,"_step":5,"_runtime":972}