{"eval/loss":1.4230040311813354,"train_samples_per_second":0.019,"train/learning_rate":6.502455494716841e-11,"train_runtime":107225.0278,"total_flos":3.09695713247232e+14,"eval/runtime":5312.7502,"train/epoch":1,"train/loss":1.5567,"_timestamp":1.766393737545966e+09,"_step":686,"train_steps_per_second":0.006,"train/grad_norm":4.016562673895302,"eval/samples_per_second":0.021,"_wandb":{"runtime":107540},"_runtime":107540,"train/global_step":685,"eval/steps_per_second":0.007,"train_loss":1.8725063026386455}